kosul_id,dagilim,varyans_orani,n1,n2,etki_buyuklugu,student_t,welch_t,mann_whitney,permutasyon,bootstrap_t
0,normal,1,10,10,0.0,0.04733333333333333,0.04633333333333333,0.04133333333333333,0.049,0.042666666666666665
1,normal,1,10,10,0.2,0.07766666666666666,0.07633333333333334,0.065,0.07566666666666666,0.07
2,normal,1,10,10,0.5,0.183,0.17766666666666667,0.15566666666666668,0.17833333333333334,0.16733333333333333
3,normal,1,30,30,0.0,0.04666666666666667,0.04633333333333333,0.043333333333333335,0.046,0.04133333333333333
4,normal,1,30,30,0.2,0.11533333333333333,0.11466666666666667,0.11466666666666667,0.11466666666666667,0.11633333333333333
5,normal,1,30,30,0.5,0.48133333333333334,0.4806666666666667,0.461,0.48133333333333334,0.47533333333333333
6,normal,1,100,100,0.0,0.050666666666666665,0.050666666666666665,0.04833333333333333,0.051,0.051
7,normal,1,100,100,0.2,0.27066666666666667,0.27066666666666667,0.256,0.2723333333333333,0.26666666666666666
8,normal,1,100,100,0.5,0.946,0.946,0.934,0.9463333333333334,0.944
9,normal,1,10,50,0.0,0.049666666666666665,0.051333333333333335,0.049666666666666665,0.04833333333333333,0.04733333333333333
10,normal,1,10,50,0.2,0.08,0.08033333333333334,0.07333333333333333,0.076,0.072
11,normal,1,10,50,0.5,0.2796666666666667,0.25633333333333336,0.263,0.25833333333333336,0.248
12,normal,1,15,60,0.0,0.051666666666666666,0.054,0.051666666666666666,0.05466666666666667,0.05333333333333334
13,normal,1,15,60,0.2,0.095,0.09066666666666667,0.086,0.092,0.089
14,normal,1,15,60,0.5,0.4156666666666667,0.39966666666666667,0.401,0.3913333333333333,0.38233333333333336
15,normal,2,10,10,0.0,0.049666666666666665,0.047,0.041,0.052,0.044333333333333336
16,normal,2,10,10,0.2,0.07966666666666666,0.077,0.064,0.07966666666666666,0.07033333333333333
17,normal,2,10,10,0.5,0.18466666666666667,0.17633333333333334,0.16066666666666668,0.186,0.166
18,normal,2,30,30,0.0,0.049666666666666665,0.049,0.04666666666666667,0.04933333333333333,0.051
19,normal,2,30,30,0.2,0.12433333333333334,0.12266666666666666,0.11833333333333333,0.125,0.12066666666666667
20,normal,2,30,30,0.5,0.474,0.471,0.455,0.4746666666666667,0.4703333333333333
21,normal,2,100,100,0.0,0.052333333333333336,0.052333333333333336,0.059,0.05366666666666667,0.053
22,normal,2,100,100,0.2,0.292,0.2916666666666667,0.2826666666666667,0.28833333333333333,0.2833333333333333
23,normal,2,100,100,0.5,0.941,0.9403333333333334,0.9326666666666666,0.9396666666666667,0.939
24,normal,2,10,50,0.0,0.011333333333333334,0.048,0.022,0.042,0.04533333333333334
25,normal,2,10,50,0.2,0.046,0.10833333333333334,0.06766666666666667,0.09566666666666666,0.10466666666666667
26,normal,2,10,50,0.5,0.238,0.4013333333333333,0.2886666666666667,0.37933333333333336,0.38766666666666666
27,normal,2,15,60,0.0,0.016666666666666666,0.05,0.027,0.04766666666666667,0.050666666666666665
28,normal,2,15,60,0.2,0.061,0.13366666666666666,0.08666666666666667,0.13066666666666665,0.13533333333333333
29,normal,2,15,60,0.5,0.38166666666666665,0.5453333333333333,0.43033333333333335,0.5256666666666666,0.535
30,normal,4,10,10,0.0,0.06,0.056,0.05366666666666667,0.06,0.05333333333333334
31,normal,4,10,10,0.2,0.08133333333333333,0.076,0.07333333333333333,0.08166666666666667,0.06466666666666666
32,normal,4,10,10,0.5,0.19633333333333333,0.18366666666666667,0.181,0.19533333333333333,0.17133333333333334
33,normal,4,30,30,0.0,0.059666666666666666,0.05733333333333333,0.06333333333333334,0.059666666666666666,0.057
34,normal,4,30,30,0.2,0.11866666666666667,0.11666666666666667,0.12066666666666667,0.11766666666666667,0.11366666666666667
35,normal,4,30,30,0.5,0.4706666666666667,0.464,0.4513333333333333,0.47,0.459
36,normal,4,100,100,0.0,0.04933333333333333,0.04833333333333333,0.060333333333333336,0.048666666666666664,0.04533333333333334
37,normal,4,100,100,0.2,0.29633333333333334,0.29533333333333334,0.29133333333333333,0.2986666666666667,0.2916666666666667
38,normal,4,100,100,0.5,0.9396666666666667,0.939,0.919,0.939,0.9366666666666666
39,normal,4,10,50,0.0,0.0026666666666666666,0.057666666666666665,0.012,0.042333333333333334,0.05566666666666667
40,normal,4,10,50,0.2,0.018666666666666668,0.13033333333333333,0.04566666666666667,0.111,0.12466666666666666
41,normal,4,10,50,0.5,0.207,0.557,0.31466666666666665,0.5236666666666666,0.548
42,normal,4,15,60,0.0,0.004,0.04833333333333333,0.013666666666666667,0.043666666666666666,0.05
43,normal,4,15,60,0.2,0.03,0.156,0.071,0.14366666666666666,0.15833333333333333
44,normal,4,15,60,0.5,0.364,0.7003333333333334,0.478,0.6773333333333333,0.6896666666666667
45,skew_normal,1,10,10,0.0,0.05266666666666667,0.049,0.04633333333333333,0.057,0.045
46,skew_normal,1,10,10,0.2,0.06466666666666666,0.06233333333333333,0.06433333333333334,0.06633333333333333,0.058
47,skew_normal,1,10,10,0.5,0.19166666666666668,0.188,0.174,0.19066666666666668,0.171
48,skew_normal,1,30,30,0.0,0.049666666666666665,0.049,0.045,0.051666666666666666,0.04533333333333334
49,skew_normal,1,30,30,0.2,0.12533333333333332,0.124,0.12233333333333334,0.125,0.121
50,skew_normal,1,30,30,0.5,0.498,0.49733333333333335,0.532,0.5026666666666667,0.49933333333333335
51,skew_normal,1,100,100,0.0,0.052,0.051333333333333335,0.052,0.052333333333333336,0.054
52,skew_normal,1,100,100,0.2,0.28933333333333333,0.28933333333333333,0.316,0.2846666666666667,0.2856666666666667
53,skew_normal,1,100,100,0.5,0.9416666666666667,0.9416666666666667,0.9626666666666667,0.9406666666666667,0.9393333333333334
54,skew_normal,1,10,50,0.0,0.04566666666666667,0.06166666666666667,0.04466666666666667,0.050666666666666665,0.058333333333333334
55,skew_normal,1,10,50,0.2,0.09566666666666666,0.12333333333333334,0.10466666666666667,0.10966666666666666,0.11366666666666667
56,skew_normal,1,10,50,0.5,0.31533333333333335,0.32366666666666666,0.3373333333333333,0.303,0.297
57,skew_normal,1,15,60,0.0,0.042666666666666665,0.048,0.042333333333333334,0.042666666666666665,0.043666666666666666
58,skew_normal,1,15,60,0.2,0.108,0.13233333333333333,0.12066666666666667,0.126,0.12533333333333332
59,skew_normal,1,15,60,0.5,0.4236666666666667,0.422,0.44333333333333336,0.4103333333333333,0.4023333333333333
60,skew_normal,2,10,10,0.0,0.059,0.05533333333333333,0.050333333333333334,0.057666666666666665,0.04933333333333333
61,skew_normal,2,10,10,0.2,0.06733333333333333,0.060333333333333336,0.05533333333333333,0.068,0.053
62,skew_normal,2,10,10,0.5,0.162,0.15266666666666667,0.13733333333333334,0.16433333333333333,0.14066666666666666
63,skew_normal,2,30,30,0.0,0.05333333333333334,0.052333333333333336,0.06533333333333333,0.05366666666666667,0.051666666666666666
64,skew_normal,2,30,30,0.2,0.11,0.10933333333333334,0.07366666666666667,0.109,0.107
65,skew_normal,2,30,30,0.5,0.4723333333333333,0.4693333333333333,0.38533333333333336,0.4716666666666667,0.458
66,skew_normal,2,100,100,0.0,0.04666666666666667,0.04633333333333333,0.09333333333333334,0.04766666666666667,0.04533333333333334
67,skew_normal,2,100,100,0.2,0.26866666666666666,0.2683333333333333,0.12766666666666668,0.26766666666666666,0.2703333333333333
68,skew_normal,2,100,100,0.5,0.9496666666666667,0.9496666666666667,0.8786666666666667,0.948,0.946
69,skew_normal,2,10,50,0.0,0.016,0.05733333333333333,0.030666666666666665,0.04066666666666666,0.055
70,skew_normal,2,10,50,0.2,0.028333333333333332,0.12533333333333332,0.03766666666666667,0.10366666666666667,0.12333333333333334
71,skew_normal,2,10,50,0.5,0.25533333333333336,0.437,0.2856666666666667,0.3893333333333333,0.41633333333333333
72,skew_normal,2,15,60,0.0,0.018,0.052,0.030666666666666665,0.046,0.051333333333333335
73,skew_normal,2,15,60,0.2,0.051,0.158,0.053,0.138,0.15166666666666667
74,skew_normal,2,15,60,0.5,0.37,0.5393333333333333,0.36733333333333335,0.5086666666666667,0.5296666666666666
75,skew_normal,4,10,10,0.0,0.056666666666666664,0.051666666666666666,0.062,0.05733333333333333,0.043333333333333335
76,skew_normal,4,10,10,0.2,0.065,0.058,0.05333333333333334,0.06466666666666666,0.051333333333333335
77,skew_normal,4,10,10,0.5,0.16433333333333333,0.14633333333333334,0.117,0.167,0.13066666666666665
78,skew_normal,4,30,30,0.0,0.05733333333333333,0.05433333333333333,0.09933333333333333,0.057,0.05333333333333334
79,skew_normal,4,30,30,0.2,0.09466666666666666,0.093,0.05533333333333333,0.10033333333333333,0.08833333333333333
80,skew_normal,4,30,30,0.5,0.4856666666666667,0.48033333333333333,0.28933333333333333,0.488,0.461
81,skew_normal,4,100,100,0.0,0.049666666666666665,0.04933333333333333,0.194,0.052,0.049
82,skew_normal,4,100,100,0.2,0.2876666666666667,0.2866666666666667,0.07966666666666666,0.28933333333333333,0.291
83,skew_normal,4,100,100,0.5,0.9543333333333334,0.9543333333333334,0.7413333333333333,0.9536666666666667,0.952
84,skew_normal,4,10,50,0.0,0.006333333333333333,0.04933333333333333,0.017333333333333333,0.03833333333333333,0.04766666666666667
85,skew_normal,4,10,50,0.2,0.008666666666666666,0.166,0.015666666666666666,0.123,0.168
86,skew_normal,4,10,50,0.5,0.19566666666666666,0.593,0.21666666666666667,0.516,0.5803333333333334
87,skew_normal,4,15,60,0.0,0.004,0.047,0.032,0.03766666666666667,0.048
88,skew_normal,4,15,60,0.2,0.016,0.18433333333333332,0.018666666666666668,0.15766666666666668,0.18133333333333335
89,skew_normal,4,15,60,0.5,0.366,0.6996666666666667,0.3383333333333333,0.665,0.6946666666666667
90,t_dagilimi,1,10,10,0.0,0.049,0.04766666666666667,0.04533333333333334,0.05466666666666667,0.04033333333333333
91,t_dagilimi,1,10,10,0.2,0.074,0.07266666666666667,0.06866666666666667,0.078,0.06433333333333334
92,t_dagilimi,1,10,10,0.5,0.19633333333333333,0.19233333333333333,0.18966666666666668,0.194,0.17033333333333334
93,t_dagilimi,1,30,30,0.0,0.049666666666666665,0.04933333333333333,0.04633333333333333,0.05266666666666667,0.04733333333333333
94,t_dagilimi,1,30,30,0.2,0.125,0.125,0.13233333333333333,0.12566666666666668,0.12133333333333333
95,t_dagilimi,1,30,30,0.5,0.49033333333333334,0.48966666666666664,0.554,0.4836666666666667,0.4836666666666667
96,t_dagilimi,1,100,100,0.0,0.05266666666666667,0.05266666666666667,0.051,0.05333333333333334,0.050333333333333334
97,t_dagilimi,1,100,100,0.2,0.2836666666666667,0.2833333333333333,0.3413333333333333,0.281,0.2796666666666667
98,t_dagilimi,1,100,100,0.5,0.9333333333333333,0.9333333333333333,0.9726666666666667,0.9326666666666666,0.9306666666666666
99,t_dagilimi,1,10,50,0.0,0.055,0.05366666666666667,0.04666666666666667,0.056,0.04933333333333333
100,t_dagilimi,1,10,50,0.2,0.10266666666666667,0.09966666666666667,0.10233333333333333,0.10266666666666667,0.08966666666666667
101,t_dagilimi,1,10,50,0.5,0.31,0.30966666666666665,0.348,0.322,0.29033333333333333
102,t_dagilimi,1,15,60,0.0,0.04733333333333333,0.04466666666666667,0.04133333333333333,0.046,0.03966666666666667
103,t_dagilimi,1,15,60,0.2,0.11,0.10966666666666666,0.11733333333333333,0.11133333333333334,0.10166666666666667
104,t_dagilimi,1,15,60,0.5,0.425,0.414,0.4706666666666667,0.42,0.39766666666666667
105,t_dagilimi,2,10,10,0.0,0.052333333333333336,0.050333333333333334,0.048,0.05466666666666667,0.042
106,t_dagilimi,2,10,10,0.2,0.06633333333333333,0.06233333333333333,0.06766666666666667,0.07466666666666667,0.056666666666666664
107,t_dagilimi,2,10,10,0.5,0.209,0.20133333333333334,0.20466666666666666,0.212,0.182
108,t_dagilimi,2,30,30,0.0,0.051333333333333335,0.051333333333333335,0.05366666666666667,0.05366666666666667,0.049666666666666665
109,t_dagilimi,2,30,30,0.2,0.12533333333333332,0.12233333333333334,0.13666666666666666,0.122,0.12
110,t_dagilimi,2,30,30,0.5,0.48,0.4786666666666667,0.538,0.4816666666666667,0.472
111,t_dagilimi,2,100,100,0.0,0.048666666666666664,0.048666666666666664,0.049,0.050666666666666665,0.04733333333333333
112,t_dagilimi,2,100,100,0.2,0.30033333333333334,0.30033333333333334,0.369,0.2986666666666667,0.2956666666666667
113,t_dagilimi,2,100,100,0.5,0.938,0.938,0.9716666666666667,0.9363333333333334,0.9376666666666666
114,t_dagilimi,2,10,50,0.0,0.016,0.049666666666666665,0.02666666666666667,0.046,0.046
115,t_dagilimi,2,10,50,0.2,0.042666666666666665,0.10166666666666667,0.06833333333333333,0.099,0.094
116,t_dagilimi,2,10,50,0.5,0.2703333333333333,0.445,0.38533333333333336,0.43933333333333335,0.42233333333333334
117,t_dagilimi,2,15,60,0.0,0.023,0.05333333333333334,0.03266666666666666,0.053,0.05366666666666667
118,t_dagilimi,2,15,60,0.2,0.06633333333333333,0.13666666666666666,0.10666666666666667,0.135,0.13066666666666665
119,t_dagilimi,2,15,60,0.5,0.3983333333333333,0.566,0.547,0.5603333333333333,0.5506666666666666
120,t_dagilimi,4,10,10,0.0,0.056,0.049666666666666665,0.051,0.059666666666666666,0.04066666666666666
121,t_dagilimi,4,10,10,0.2,0.08133333333333333,0.075,0.07566666666666666,0.086,0.06233333333333333
122,t_dagilimi,4,10,10,0.5,0.20333333333333334,0.18633333333333332,0.204,0.21166666666666667,0.16566666666666666
123,t_dagilimi,4,30,30,0.0,0.049,0.04833333333333333,0.04733333333333333,0.051,0.042
124,t_dagilimi,4,30,30,0.2,0.11733333333333333,0.116,0.13366666666666666,0.11866666666666667,0.10933333333333334
125,t_dagilimi,4,30,30,0.5,0.49933333333333335,0.49133333333333334,0.573,0.5086666666666667,0.482
126,t_dagilimi,4,100,100,0.0,0.056666666666666664,0.056,0.06133333333333333,0.05633333333333333,0.058
127,t_dagilimi,4,100,100,0.2,0.311,0.30933333333333335,0.37633333333333335,0.307,0.30433333333333334
128,t_dagilimi,4,100,100,0.5,0.9356666666666666,0.935,0.972,0.9336666666666666,0.9313333333333333
129,t_dagilimi,4,10,50,0.0,0.005666666666666667,0.050666666666666665,0.016,0.042666666666666665,0.04933333333333333
130,t_dagilimi,4,10,50,0.2,0.018333333333333333,0.14333333333333334,0.05433333333333333,0.131,0.139
131,t_dagilimi,4,10,50,0.5,0.22766666666666666,0.615,0.4483333333333333,0.5946666666666667,0.599
132,t_dagilimi,4,15,60,0.0,0.002,0.041,0.015,0.038,0.03933333333333333
133,t_dagilimi,4,15,60,0.2,0.033,0.16833333333333333,0.09533333333333334,0.16366666666666665,0.168
134,t_dagilimi,4,15,60,0.5,0.38466666666666666,0.7186666666666667,0.6313333333333333,0.7013333333333334,0.7083333333333334
135,kontamine,1,10,10,0.0,0.03966666666666667,0.03866666666666667,0.035666666666666666,0.042666666666666665,0.034666666666666665
136,kontamine,1,10,10,0.2,0.071,0.069,0.06766666666666667,0.07566666666666666,0.06333333333333334
137,kontamine,1,10,10,0.5,0.20833333333333334,0.20466666666666666,0.20233333333333334,0.217,0.18133333333333335
138,kontamine,1,30,30,0.0,0.04833333333333333,0.048,0.043333333333333335,0.049666666666666665,0.042333333333333334
139,kontamine,1,30,30,0.2,0.11766666666666667,0.11733333333333333,0.12533333333333332,0.11666666666666667,0.11133333333333334
140,kontamine,1,30,30,0.5,0.5163333333333333,0.5146666666666667,0.5553333333333333,0.514,0.5003333333333333
141,kontamine,1,100,100,0.0,0.042333333333333334,0.042333333333333334,0.044333333333333336,0.042333333333333334,0.04
142,kontamine,1,100,100,0.2,0.2946666666666667,0.2946666666666667,0.3413333333333333,0.293,0.2906666666666667
143,kontamine,1,100,100,0.5,0.941,0.941,0.97,0.9393333333333334,0.9356666666666666
144,kontamine,1,10,50,0.0,0.05,0.050666666666666665,0.048666666666666664,0.052333333333333336,0.047
145,kontamine,1,10,50,0.2,0.09633333333333334,0.09366666666666666,0.08966666666666667,0.09433333333333334,0.08633333333333333
146,kontamine,1,10,50,0.5,0.2946666666666667,0.2946666666666667,0.323,0.2996666666666667,0.26966666666666667
147,kontamine,1,15,60,0.0,0.044333333333333336,0.044333333333333336,0.043666666666666666,0.046,0.043
148,kontamine,1,15,60,0.2,0.106,0.1,0.106,0.10633333333333334,0.09533333333333334
149,kontamine,1,15,60,0.5,0.42033333333333334,0.4156666666666667,0.46166666666666667,0.4186666666666667,0.3943333333333333
150,kontamine,2,10,10,0.0,0.049666666666666665,0.04666666666666667,0.04633333333333333,0.053,0.04133333333333333
151,kontamine,2,10,10,0.2,0.07166666666666667,0.07,0.06233333333333333,0.077,0.063
152,kontamine,2,10,10,0.5,0.199,0.19066666666666668,0.184,0.20233333333333334,0.17033333333333334
153,kontamine,2,30,30,0.0,0.05,0.049,0.050666666666666665,0.051666666666666666,0.043666666666666666
154,kontamine,2,30,30,0.2,0.12566666666666668,0.12466666666666666,0.13833333333333334,0.12366666666666666,0.116
155,kontamine,2,30,30,0.5,0.5,0.49666666666666665,0.5286666666666666,0.5006666666666667,0.4876666666666667
156,kontamine,2,100,100,0.0,0.051666666666666666,0.051666666666666666,0.056,0.053,0.048666666666666664
157,kontamine,2,100,100,0.2,0.31033333333333335,0.31033333333333335,0.34833333333333333,0.30766666666666664,0.309
158,kontamine,2,100,100,0.5,0.9376666666666666,0.9373333333333334,0.9753333333333334,0.9373333333333334,0.9363333333333334
159,kontamine,2,10,50,0.0,0.020666666666666667,0.057666666666666665,0.030333333333333334,0.05266666666666667,0.057
160,kontamine,2,10,50,0.2,0.05333333333333334,0.12333333333333334,0.07966666666666666,0.121,0.11433333333333333
161,kontamine,2,10,50,0.5,0.2653333333333333,0.43766666666666665,0.368,0.43566666666666665,0.42233333333333334
162,kontamine,2,15,60,0.0,0.019,0.04733333333333333,0.028,0.04733333333333333,0.04533333333333334
163,kontamine,2,15,60,0.2,0.072,0.147,0.10833333333333334,0.14566666666666667,0.14066666666666666
164,kontamine,2,15,60,0.5,0.394,0.5636666666666666,0.52,0.5666666666666667,0.5466666666666666
165,kontamine,4,10,10,0.0,0.042333333333333334,0.037,0.044,0.04666666666666667,0.032
166,kontamine,4,10,10,0.2,0.07533333333333334,0.07166666666666667,0.078,0.082,0.06433333333333334
167,kontamine,4,10,10,0.5,0.21366666666666667,0.19966666666666666,0.201,0.22166666666666668,0.18566666666666667
168,kontamine,4,30,30,0.0,0.049,0.048666666666666664,0.057,0.052333333333333336,0.043333333333333335
169,kontamine,4,30,30,0.2,0.12833333333333333,0.12433333333333334,0.141,0.13166666666666665,0.11833333333333333
170,kontamine,4,30,30,0.5,0.5053333333333333,0.5,0.538,0.5123333333333333,0.489
171,kontamine,4,100,100,0.0,0.049,0.048,0.059666666666666666,0.04833333333333333,0.04766666666666667
172,kontamine,4,100,100,0.2,0.2876666666666667,0.286,0.3383333333333333,0.288,0.283
173,kontamine,4,100,100,0.5,0.934,0.9333333333333333,0.9666666666666667,0.9326666666666666,0.9316666666666666
174,kontamine,4,10,50,0.0,0.0036666666666666666,0.043,0.011666666666666667,0.037333333333333336,0.042666666666666665
175,kontamine,4,10,50,0.2,0.027333333333333334,0.15433333333333332,0.06233333333333333,0.13766666666666666,0.148
176,kontamine,4,10,50,0.5,0.23266666666666666,0.6023333333333334,0.426,0.581,0.5886666666666667
177,kontamine,4,15,60,0.0,0.005666666666666667,0.04633333333333333,0.017333333333333333,0.042333333333333334,0.043
178,kontamine,4,15,60,0.2,0.034666666666666665,0.173,0.089,0.16566666666666666,0.16933333333333334
179,kontamine,4,15,60,0.5,0.37033333333333335,0.7086666666666667,0.5976666666666667,0.701,0.6996666666666667
